TRAINTrainTimes_BMSTDDEVS,RandF500,RandF,TunedC45,C45
blood,78.88665792735169,4.758363289304421,0.4696166841158861,0.41296638240902855
hayes-roth,17.44209906212552,5.626836857151627,0.028901038043641292,0.4699773749873497
bank,1283.786815190402,44.73400184889566,0.616208652162565,23.825826567193847
balance-scale,3.3015522955119154,1.6643945454729179,0.0230262241802689,0.3306341588523484
monks-1,2.2785184118194035,0.7070503942435787,0.2649660072537608,0.2727415443235591
breast-cancer-wisc-diag,41.85776120538459,11.554511893109115,0.1553112906391541,3.0321764012009593
